{"cameraMode":{"drawMode":0,"name":"Shaded","section":"Shading Mode"},"sceneLighting":true,"audioPlay":false,"sceneViewState":{"showFog":true,"showMaterialUpdate":false,"showSkybox":true,"showFlares":true,"showImageEffects":true,"showParticleSystems":true},"in2DMode":false,"pivot":{"x":-1.633013367652893,"y":0.3226752281188965,"z":1.7470712661743165},"rotation":{"x":0.056639302521944049,"y":0.03174355998635292,"z":-0.001801738515496254,"w":0.9978883266448975},"size":11.462126731872559,"orthographic":false}